{
  "$ref": "#/definitions/events",
  "definitions": {
    "events": {
      "type": "object",
      "properties": {
        "title": {
          "type": "string"
        },
        "date": {
          "type": "string"
        },
        "type": {
          "type": "string",
          "enum": [
            "conference",
            "seminar",
            "deadline"
          ]
        },
        "description": {
          "type": "string"
        },
        "featured": {
          "type": "boolean"
        },
        "$schema": {
          "type": "string"
        }
      },
      "required": [
        "title",
        "date",
        "type",
        "description"
      ],
      "additionalProperties": false
    }
  },
  "$schema": "http://json-schema.org/draft-07/schema#"
}