{
  "$ref": "#/definitions/publications",
  "definitions": {
    "publications": {
      "type": "object",
      "properties": {
        "title": {
          "type": "string"
        },
        "authors": {
          "type": "string"
        },
        "journal": {
          "type": "string"
        },
        "year": {
          "type": "string"
        },
        "tags": {
          "type": "array",
          "items": {
            "type": "string"
          }
        },
        "type": {
          "type": "string",
          "enum": [
            "journal",
            "conference",
            "book"
          ]
        },
        "featured": {
          "type": "boolean"
        },
        "$schema": {
          "type": "string"
        }
      },
      "required": [
        "title",
        "authors",
        "journal",
        "year",
        "tags",
        "type"
      ],
      "additionalProperties": false
    }
  },
  "$schema": "http://json-schema.org/draft-07/schema#"
}